Anamalie ,Kevin MacLeod ,(incompetech.com) ,\n,Licensed under Creative Commons: By Attribution 4.0 License ,http://creativecommons.org/licenses/by/4.0/
Avec Soin ,Kevin MacLeod ,(incompetech.com) ,\n,Licensed under Creative Commons: By Attribution 4.0 License ,http://creativecommons.org/licenses/by/4.0/
Danse Morialta ,Kevin MacLeod ,(incompetech.com) ,\n,Licensed under Creative Commons: By Attribution 4.0 License ,http://creativecommons.org/licenses/by/4.0/
Earnest ,Kevin MacLeod ,(incompetech.com) ,\n,Licensed under Creative Commons: By Attribution 4.0 License ,http://creativecommons.org/licenses/by/4.0/
Ether Vox ,Kevin MacLeod ,(incompetech.com) ,\n,Licensed under Creative Commons: By Attribution 4.0 License ,http://creativecommons.org/licenses/by/4.0/
Gagool ,Kevin MacLeod ,(incompetech.com) ,\n,Licensed under Creative Commons: By Attribution 4.0 License ,http://creativecommons.org/licenses/by/4.0/
Healing ,Kevin MacLeod ,(incompetech.com) ,\n,Licensed under Creative Commons: By Attribution 4.0 License ,http://creativecommons.org/licenses/by/4.0/
Impromptu in Blue ,Kevin MacLeod ,(incompetech.com) ,\n,Licensed under Creative Commons: By Attribution 4.0 License ,http://creativecommons.org/licenses/by/4.0/
Space X-plorers ,Kevin MacLeod ,(incompetech.com) ,\n,Licensed under Creative Commons: By Attribution 4.0 License ,http://creativecommons.org/licenses/by/4.0/
Swimmey Texture ,Kevin MacLeod ,(incompetech.com) ,\n,Licensed under Creative Commons: By Attribution 4.0 License ,http://creativecommons.org/licenses/by/4.0/
Cattails ,Kevin MacLeod ,(incompetech.com) ,\n,Licensed under Creative Commons: By Attribution 4.0 License ,http://creativecommons.org/licenses/by/4.0/
Eastminster ,Kevin MacLeod ,(incompetech.com) ,\n,Licensed under Creative Commons: By Attribution 4.0 License ,http://creativecommons.org/licenses/by/4.0/
Easy Lemon ,Kevin MacLeod ,(incompetech.com) ,\n,Licensed under Creative Commons: By Attribution 4.0 License ,http://creativecommons.org/licenses/by/4.0/
For Originz ,Kevin MacLeod ,(incompetech.com) ,\n,Licensed under Creative Commons: By Attribution 4.0 License ,http://creativecommons.org/licenses/by/4.0/
Fresh Air ,Kevin MacLeod ,(incompetech.com) ,\n,Licensed under Creative Commons: By Attribution 4.0 License ,http://creativecommons.org/licenses/by/4.0/
Immersed ,Kevin MacLeod ,(incompetech.com) ,\n,Licensed under Creative Commons: By Attribution 4.0 License ,http://creativecommons.org/licenses/by/4.0/
Silver Blue Light ,Kevin MacLeod ,(incompetech.com) ,\n,Licensed under Creative Commons: By Attribution 4.0 License ,http://creativecommons.org/licenses/by/4.0/
Summer Day ,Kevin MacLeod ,(incompetech.com) ,\n,Licensed under Creative Commons: By Attribution 4.0 License ,http://creativecommons.org/licenses/by/4.0/
Windswept ,Kevin MacLeod ,(incompetech.com) ,\n,Licensed under Creative Commons: By Attribution 4.0 License ,http://creativecommons.org/licenses/by/4.0/
Late Night Radio ,Kevin MacLeod ,(incompetech.com) ,\n,Licensed under Creative Commons: By Attribution 4.0 License ,http://creativecommons.org/licenses/by/4.0/
Perspectives ,Kevin MacLeod ,(incompetech.com) ,\n,Licensed under Creative Commons: By Attribution 4.0 License ,http://creativecommons.org/licenses/by/4.0/
Porch Swing Days – slower ,Kevin MacLeod ,(incompetech.com) ,\n,Licensed under Creative Commons: By Attribution 4.0 License ,http://creativecommons.org/licenses/by/4.0/
Take a Chance,Kevin MacLeod ,(incompetech.com) ,\n,Licensed under Creative Commons: By Attribution 4.0 License ,http://creativecommons.org/licenses/by/4.0/
Merry Quikmas ,Leviathan Music ,(soundcloud.com/leviathan254) ,\n,Licensed under Creative Commons: By Attribution 1.0 License ,https://creativecommons.org/licenses/by/1.0/
Precision ,Leviathan Music ,(soundcloud.com/leviathan254) ,\n,Licensed under Creative Commons: By Attribution 1.0 License ,https://creativecommons.org/licenses/by/1.0/
Rocking Waves ,Leviathan Music ,(soundcloud.com/leviathan254) ,\n,Licensed under Creative Commons: By Attribution 1.0 License ,https://creativecommons.org/licenses/by/1.0/
Royalty Free RPG Battle Theme ,Leviathan Music ,(soundcloud.com/leviathan254) ,\n,Licensed under Creative Commons: By Attribution 1.0 License ,https://creativecommons.org/licenses/by/1.0/
Royalty Free RPG Battle Theme #2 ,Leviathan Music ,(soundcloud.com/leviathan254) ,\n,Licensed under Creative Commons: By Attribution 1.0 License ,https://creativecommons.org/licenses/by/1.0/
Royalty Free RPG Battle Theme #3 ,Leviathan Music ,(soundcloud.com/leviathan254) ,\n,Licensed under Creative Commons: By Attribution 1.0 License ,https://creativecommons.org/licenses/by/1.0/
Royalty Free RPG Battle Theme #4 ,Leviathan Music ,(soundcloud.com/leviathan254) ,\n,Licensed under Creative Commons: By Attribution 1.0 License ,https://creativecommons.org/licenses/by/1.0/
Royalty Free RPG Battle Theme #5 ,Leviathan Music ,(soundcloud.com/leviathan254) ,\n,Licensed under Creative Commons: By Attribution 1.0 License ,https://creativecommons.org/licenses/by/1.0/
